fvc1,fvc2,fvc3,fvc4,fvc5,fvc6,fvc7,fvc8,H,nu,rho,T,K,imp_vol
0.0610300125801187,0.0888762569829677,0.0661035067255521,0.108253219523311,0.00627985690333276,0.123281751595105,0.0957681671545008,0.112567958425392,0.0621437611800598,0.495028693184903,-0.757220448458311,0.0117141495641348,0.942540370976091,0.374153308099119
0.0610300125801187,0.0888762569829677,0.0661035067255521,0.108253219523311,0.00627985690333276,0.123281751595105,0.0957681671545008,0.112567958425392,0.0621437611800598,0.495028693184903,-0.757220448458311,0.0117141495641348,0.957104855077626,0.339457309770495
0.0610300125801187,0.0888762569829677,0.0661035067255521,0.108253219523311,0.00627985690333276,0.123281751595105,0.0957681671545008,0.112567958425392,0.0621437611800598,0.495028693184903,-0.757220448458311,0.0117141495641348,0.968532301519788,0.310337924044269
0.0610300125801187,0.0888762569829677,0.0661035067255521,0.108253219523311,0.00627985690333276,0.123281751595105,0.0957681671545008,0.112567958425392,0.0621437611800598,0.495028693184903,-0.757220448458311,0.0117141495641348,0.974200227272359,0.295164362493511
0.0610300125801187,0.0888762569829677,0.0661035067255521,0.108253219523311,0.00627985690333276,0.123281751595105,0.0957681671545008,0.112567958425392,0.0621437611800598,0.495028693184903,-0.757220448458311,0.0117141495641348,0.978540472969531,0.283187028859936
0.0610300125801187,0.0888762569829677,0.0661035067255521,0.108253219523311,0.00627985690333276,0.123281751595105,0.0957681671545008,0.112567958425392,0.0621437611800598,0.495028693184903,-0.757220448458311,0.0117141495641348,0.985208392449345,0.264147819422803
0.0610300125801187,0.0888762569829677,0.0661035067255521,0.108253219523311,0.00627985690333276,0.123281751595105,0.0957681671545008,0.112567958425392,0.0621437611800598,0.495028693184903,-0.757220448458311,0.0117141495641348,0.995152034533018,0.234318990721817
0.0610300125801187,0.0888762569829677,0.0661035067255521,0.108253219523311,0.00627985690333276,0.123281751595105,0.0957681671545008,0.112567958425392,0.0621437611800598,0.495028693184903,-0.757220448458311,0.0117141495641348,0.999927988258482,0.219518029214248
0.0610300125801187,0.0888762569829677,0.0661035067255521,0.108253219523311,0.00627985690333276,0.123281751595105,0.0957681671545008,0.112567958425392,0.0621437611800598,0.495028693184903,-0.757220448458311,0.0117141495641348,1.00629232025591,0.199886490034035
0.0610300125801187,0.0888762569829677,0.0661035067255521,0.108253219523311,0.00627985690333276,0.123281751595105,0.0957681671545008,0.112567958425392,0.0621437611800598,0.495028693184903,-0.757220448458311,0.0117141495641348,1.01272031054098,0.18168626020993
0.0610300125801187,0.0888762569829677,0.0661035067255521,0.108253219523311,0.00627985690333276,0.123281751595105,0.0957681671545008,0.112567958425392,0.0621437611800598,0.495028693184903,-0.757220448458311,0.0117141495641348,1.02047104527227,0.166219962582657
0.0610300125801187,0.0888762569829677,0.0661035067255521,0.108253219523311,0.00627985690333276,0.123281751595105,0.0957681671545008,0.112567958425392,0.0621437611800598,0.495028693184903,-0.757220448458311,0.0117141495641348,1.02166473825774,0.164754710011166
0.0610300125801187,0.0888762569829677,0.0661035067255521,0.108253219523311,0.00627985690333276,0.123281751595105,0.0957681671545008,0.112567958425392,0.0621437611800598,0.495028693184903,-0.757220448458311,0.0117141495641348,1.03098178727172,0.160640578568004
0.0610300125801187,0.0888762569829677,0.0661035067255521,0.108253219523311,0.00627985690333276,0.123281751595105,0.0957681671545008,0.112567958425392,0.0621437611800598,0.495028693184903,-0.757220448458311,0.0689583061309789,0.859688777337256,0.396417797624592
0.0610300125801187,0.0888762569829677,0.0661035067255521,0.108253219523311,0.00627985690333276,0.123281751595105,0.0957681671545008,0.112567958425392,0.0621437611800598,0.495028693184903,-0.757220448458311,0.0689583061309789,0.892221848255626,0.359778662410459
0.0610300125801187,0.0888762569829677,0.0661035067255521,0.108253219523311,0.00627985690333276,0.123281751595105,0.0957681671545008,0.112567958425392,0.0621437611800598,0.495028693184903,-0.757220448458311,0.0689583061309789,0.913735478134321,0.33430550861001
0.0610300125801187,0.0888762569829677,0.0661035067255521,0.108253219523311,0.00627985690333276,0.123281751595105,0.0957681671545008,0.112567958425392,0.0621437611800598,0.495028693184903,-0.757220448458311,0.0689583061309789,0.929328107298148,0.315077934962107
0.0610300125801187,0.0888762569829677,0.0661035067255521,0.108253219523311,0.00627985690333276,0.123281751595105,0.0957681671545008,0.112567958425392,0.0621437611800598,0.495028693184903,-0.757220448458311,0.0689583061309789,0.954883720819663,0.281902150042562
0.0610300125801187,0.0888762569829677,0.0661035067255521,0.108253219523311,0.00627985690333276,0.123281751595105,0.0957681671545008,0.112567958425392,0.0621437611800598,0.495028693184903,-0.757220448458311,0.0689583061309789,0.972370738359082,0.257866463968745
0.0610300125801187,0.0888762569829677,0.0661035067255521,0.108253219523311,0.00627985690333276,0.123281751595105,0.0957681671545008,0.112567958425392,0.0621437611800598,0.495028693184903,-0.757220448458311,0.0689583061309789,0.989623913963203,0.233081991052485
0.0610300125801187,0.0888762569829677,0.0661035067255521,0.108253219523311,0.00627985690333276,0.123281751595105,0.0957681671545008,0.112567958425392,0.0621437611800598,0.495028693184903,-0.757220448458311,0.0689583061309789,1.00037401307143,0.217282093970027
0.0610300125801187,0.0888762569829677,0.0661035067255521,0.108253219523311,0.00627985690333276,0.123281751595105,0.0957681671545008,0.112567958425392,0.0621437611800598,0.495028693184903,-0.757220448458311,0.0689583061309789,1.01985101253669,0.189466921463343
0.0610300125801187,0.0888762569829677,0.0661035067255521,0.108253219523311,0.00627985690333276,0.123281751595105,0.0957681671545008,0.112567958425392,0.0621437611800598,0.495028693184903,-0.757220448458311,0.0689583061309789,1.03195900025517,0.174987703965623
0.0610300125801187,0.0888762569829677,0.0661035067255521,0.108253219523311,0.00627985690333276,0.123281751595105,0.0957681671545008,0.112567958425392,0.0621437611800598,0.495028693184903,-0.757220448458311,0.0689583061309789,1.04491500463244,0.164626794892812
0.0610300125801187,0.0888762569829677,0.0661035067255521,0.108253219523311,0.00627985690333276,0.123281751595105,0.0957681671545008,0.112567958425392,0.0621437611800598,0.495028693184903,-0.757220448458311,0.0689583061309789,1.05877840041838,0.159979658809054
0.0610300125801187,0.0888762569829677,0.0661035067255521,0.108253219523311,0.00627985690333276,0.123281751595105,0.0957681671545008,0.112567958425392,0.0621437611800598,0.495028693184903,-0.757220448458311,0.0689583061309789,1.07761311710779,0.161028187747598
0.0610300125801187,0.0888762569829677,0.0661035067255521,0.108253219523311,0.00627985690333276,0.123281751595105,0.0957681671545008,0.112567958425392,0.0621437611800598,0.495028693184903,-0.757220448458311,0.123912690551495,0.813270742996933,0.402785156643879
0.0610300125801187,0.0888762569829677,0.0661035067255521,0.108253219523311,0.00627985690333276,0.123281751595105,0.0957681671545008,0.112567958425392,0.0621437611800598,0.495028693184903,-0.757220448458311,0.123912690551495,0.843312714358729,0.377197838557371
0.0610300125801187,0.0888762569829677,0.0661035067255521,0.108253219523311,0.00627985690333276,0.123281751595105,0.0957681671545008,0.112567958425392,0.0621437611800598,0.495028693184903,-0.757220448458311,0.123912690551495,0.868181323222558,0.355613388261228
0.0610300125801187,0.0888762569829677,0.0661035067255521,0.108253219523311,0.00627985690333276,0.123281751595105,0.0957681671545008,0.112567958425392,0.0621437611800598,0.495028693184903,-0.757220448458311,0.123912690551495,0.928470291318011,0.301279511065003
0.0610300125801187,0.0888762569829677,0.0661035067255521,0.108253219523311,0.00627985690333276,0.123281751595105,0.0957681671545008,0.112567958425392,0.0621437611800598,0.495028693184903,-0.757220448458311,0.123912690551495,0.941137564549126,0.289442375966945
0.0610300125801187,0.0888762569829677,0.0661035067255521,0.108253219523311,0.00627985690333276,0.123281751595105,0.0957681671545008,0.112567958425392,0.0621437611800598,0.495028693184903,-0.757220448458311,0.123912690551495,0.954952408405972,0.276340781444481
0.0610300125801187,0.0888762569829677,0.0661035067255521,0.108253219523311,0.00627985690333276,0.123281751595105,0.0957681671545008,0.112567958425392,0.0621437611800598,0.495028693184903,-0.757220448458311,0.123912690551495,0.989236328723225,0.24311415708078
0.0610300125801187,0.0888762569829677,0.0661035067255521,0.108253219523311,0.00627985690333276,0.123281751595105,0.0957681671545008,0.112567958425392,0.0621437611800598,0.495028693184903,-0.757220448458311,0.123912690551495,1.0067936011375,0.225977509860483
0.0610300125801187,0.0888762569829677,0.0661035067255521,0.108253219523311,0.00627985690333276,0.123281751595105,0.0957681671545008,0.112567958425392,0.0621437611800598,0.495028693184903,-0.757220448458311,0.123912690551495,1.01970805283073,0.213629796078387
0.0610300125801187,0.0888762569829677,0.0661035067255521,0.108253219523311,0.00627985690333276,0.123281751595105,0.0957681671545008,0.112567958425392,0.0621437611800598,0.495028693184903,-0.757220448458311,0.123912690551495,1.04154591352738,0.194404450910782
0.0610300125801187,0.0888762569829677,0.0661035067255521,0.108253219523311,0.00627985690333276,0.123281751595105,0.0957681671545008,0.112567958425392,0.0621437611800598,0.495028693184903,-0.757220448458311,0.123912690551495,1.05974273994672,0.181821104368239
0.0610300125801187,0.0888762569829677,0.0661035067255521,0.108253219523311,0.00627985690333276,0.123281751595105,0.0957681671545008,0.112567958425392,0.0621437611800598,0.495028693184903,-0.757220448458311,0.123912690551495,1.0720730404236,0.175970159787554
0.0610300125801187,0.0888762569829677,0.0661035067255521,0.108253219523311,0.00627985690333276,0.123281751595105,0.0957681671545008,0.112567958425392,0.0621437611800598,0.495028693184903,-0.757220448458311,0.123912690551495,1.09849586248312,0.170642205510444
0.0610300125801187,0.0888762569829677,0.0661035067255521,0.108253219523311,0.00627985690333276,0.123281751595105,0.0957681671545008,0.112567958425392,0.0621437611800598,0.495028693184903,-0.757220448458311,0.240571827619812,0.738548216849063,0.429629341838543
0.0610300125801187,0.0888762569829677,0.0661035067255521,0.108253219523311,0.00627985690333276,0.123281751595105,0.0957681671545008,0.112567958425392,0.0621437611800598,0.495028693184903,-0.757220448458311,0.240571827619812,0.794440977417641,0.393854616000336
0.0610300125801187,0.0888762569829677,0.0661035067255521,0.108253219523311,0.00627985690333276,0.123281751595105,0.0957681671545008,0.112567958425392,0.0621437611800598,0.495028693184903,-0.757220448458311,0.240571827619812,0.830098890984836,0.370820266421901
0.0610300125801187,0.0888762569829677,0.0661035067255521,0.108253219523311,0.00627985690333276,0.123281751595105,0.0957681671545008,0.112567958425392,0.0621437611800598,0.495028693184903,-0.757220448458311,0.240571827619812,0.88770489638479,0.33293182600236
0.0610300125801187,0.0888762569829677,0.0661035067255521,0.108253219523311,0.00627985690333276,0.123281751595105,0.0957681671545008,0.112567958425392,0.0621437611800598,0.495028693184903,-0.757220448458311,0.240571827619812,0.909173853688368,0.318523886986849
0.0610300125801187,0.0888762569829677,0.0661035067255521,0.108253219523311,0.00627985690333276,0.123281751595105,0.0957681671545008,0.112567958425392,0.0621437611800598,0.495028693184903,-0.757220448458311,0.240571827619812,0.936222287927532,0.300126539101849
0.0610300125801187,0.0888762569829677,0.0661035067255521,0.108253219523311,0.00627985690333276,0.123281751595105,0.0957681671545008,0.112567958425392,0.0621437611800598,0.495028693184903,-0.757220448458311,0.240571827619812,0.958976795031326,0.284455845855358
0.0610300125801187,0.0888762569829677,0.0661035067255521,0.108253219523311,0.00627985690333276,0.123281751595105,0.0957681671545008,0.112567958425392,0.0621437611800598,0.495028693184903,-0.757220448458311,0.240571827619812,1.00348337764169,0.253521575384333
0.0610300125801187,0.0888762569829677,0.0661035067255521,0.108253219523311,0.00627985690333276,0.123281751595105,0.0957681671545008,0.112567958425392,0.0621437611800598,0.495028693184903,-0.757220448458311,0.240571827619812,1.04184837305514,0.227673061333415
0.0610300125801187,0.0888762569829677,0.0661035067255521,0.108253219523311,0.00627985690333276,0.123281751595105,0.0957681671545008,0.112567958425392,0.0621437611800598,0.495028693184903,-0.757220448458311,0.240571827619812,1.06878320231835,0.211499181921341
0.0610300125801187,0.0888762569829677,0.0661035067255521,0.108253219523311,0.00627985690333276,0.123281751595105,0.0957681671545008,0.112567958425392,0.0621437611800598,0.495028693184903,-0.757220448458311,0.240571827619812,1.09053314163275,0.200872312587073
0.0610300125801187,0.0888762569829677,0.0661035067255521,0.108253219523311,0.00627985690333276,0.123281751595105,0.0957681671545008,0.112567958425392,0.0621437611800598,0.495028693184903,-0.757220448458311,0.240571827619812,1.10433492807064,0.195639176552322
0.0610300125801187,0.0888762569829677,0.0661035067255521,0.108253219523311,0.00627985690333276,0.123281751595105,0.0957681671545008,0.112567958425392,0.0621437611800598,0.495028693184903,-0.757220448458311,0.240571827619812,1.1427682701499,0.187329449134169
0.0610300125801187,0.0888762569829677,0.0661035067255521,0.108253219523311,0.00627985690333276,0.123281751595105,0.0957681671545008,0.112567958425392,0.0621437611800598,0.495028693184903,-0.757220448458311,0.37838899749057,0.664194152285874,0.43391191519293
0.0610300125801187,0.0888762569829677,0.0661035067255521,0.108253219523311,0.00627985690333276,0.123281751595105,0.0957681671545008,0.112567958425392,0.0621437611800598,0.495028693184903,-0.757220448458311,0.37838899749057,0.748437482889355,0.383113150042608
0.0610300125801187,0.0888762569829677,0.0661035067255521,0.108253219523311,0.00627985690333276,0.123281751595105,0.0957681671545008,0.112567958425392,0.0621437611800598,0.495028693184903,-0.757220448458311,0.37838899749057,0.79774379606597,0.352577201725648
0.0610300125801187,0.0888762569829677,0.0661035067255521,0.108253219523311,0.00627985690333276,0.123281751595105,0.0957681671545008,0.112567958425392,0.0621437611800598,0.495028693184903,-0.757220448458311,0.37838899749057,0.876621336628313,0.300982226932903
0.0610300125801187,0.0888762569829677,0.0661035067255521,0.108253219523311,0.00627985690333276,0.123281751595105,0.0957681671545008,0.112567958425392,0.0621437611800598,0.495028693184903,-0.757220448458311,0.37838899749057,0.9102975459205,0.277382075898369
0.0610300125801187,0.0888762569829677,0.0661035067255521,0.108253219523311,0.00627985690333276,0.123281751595105,0.0957681671545008,0.112567958425392,0.0621437611800598,0.495028693184903,-0.757220448458311,0.37838899749057,0.932183249872648,0.261401848135462
0.0610300125801187,0.0888762569829677,0.0661035067255521,0.108253219523311,0.00627985690333276,0.123281751595105,0.0957681671545008,0.112567958425392,0.0621437611800598,0.495028693184903,-0.757220448458311,0.37838899749057,0.961113583877497,0.239416125866518
0.0610300125801187,0.0888762569829677,0.0661035067255521,0.108253219523311,0.00627985690333276,0.123281751595105,0.0957681671545008,0.112567958425392,0.0621437611800598,0.495028693184903,-0.757220448458311,0.37838899749057,1.00850152496033,0.201969536599545
0.0610300125801187,0.0888762569829677,0.0661035067255521,0.108253219523311,0.00627985690333276,0.123281751595105,0.0957681671545008,0.112567958425392,0.0621437611800598,0.495028693184903,-0.757220448458311,0.37838899749057,1.04106338277484,0.177820836568568
0.0610300125801187,0.0888762569829677,0.0661035067255521,0.108253219523311,0.00627985690333276,0.123281751595105,0.0957681671545008,0.112567958425392,0.0621437611800598,0.495028693184903,-0.757220448458311,0.37838899749057,1.0719571368182,0.161456698431881
0.0610300125801187,0.0888762569829677,0.0661035067255521,0.108253219523311,0.00627985690333276,0.123281751595105,0.0957681671545008,0.112567958425392,0.0621437611800598,0.495028693184903,-0.757220448458311,0.37838899749057,1.09829371022974,0.154681908196153
0.0610300125801187,0.0888762569829677,0.0661035067255521,0.108253219523311,0.00627985690333276,0.123281751595105,0.0957681671545008,0.112567958425392,0.0621437611800598,0.495028693184903,-0.757220448458311,0.37838899749057,1.13781579360237,0.153228669103797
0.0610300125801187,0.0888762569829677,0.0661035067255521,0.108253219523311,0.00627985690333276,0.123281751595105,0.0957681671545008,0.112567958425392,0.0621437611800598,0.495028693184903,-0.757220448458311,0.37838899749057,1.17963471203718,0.156999559720339
0.0610300125801187,0.0888762569829677,0.0661035067255521,0.108253219523311,0.00627985690333276,0.123281751595105,0.0957681671545008,0.112567958425392,0.0621437611800598,0.495028693184903,-0.757220448458311,0.601974281914474,0.59345030769506,0.404643664683592
0.0610300125801187,0.0888762569829677,0.0661035067255521,0.108253219523311,0.00627985690333276,0.123281751595105,0.0957681671545008,0.112567958425392,0.0621437611800598,0.495028693184903,-0.757220448458311,0.601974281914474,0.650527480694973,0.370663035742724
0.0610300125801187,0.0888762569829677,0.0661035067255521,0.108253219523311,0.00627985690333276,0.123281751595105,0.0957681671545008,0.112567958425392,0.0621437611800598,0.495028693184903,-0.757220448458311,0.601974281914474,0.728376990471881,0.32402575658706
0.0610300125801187,0.0888762569829677,0.0661035067255521,0.108253219523311,0.00627985690333276,0.123281751595105,0.0957681671545008,0.112567958425392,0.0621437611800598,0.495028693184903,-0.757220448458311,0.601974281914474,0.820100108884888,0.267142136314773
0.0610300125801187,0.0888762569829677,0.0661035067255521,0.108253219523311,0.00627985690333276,0.123281751595105,0.0957681671545008,0.112567958425392,0.0621437611800598,0.495028693184903,-0.757220448458311,0.601974281914474,0.872386389654171,0.233073983715611
0.0610300125801187,0.0888762569829677,0.0661035067255521,0.108253219523311,0.00627985690333276,0.123281751595105,0.0957681671545008,0.112567958425392,0.0621437611800598,0.495028693184903,-0.757220448458311,0.601974281914474,0.919925718455336,0.200866605034883
0.0610300125801187,0.0888762569829677,0.0661035067255521,0.108253219523311,0.00627985690333276,0.123281751595105,0.0957681671545008,0.112567958425392,0.0621437611800598,0.495028693184903,-0.757220448458311,0.601974281914474,0.949851190336389,0.180113177510039
0.0610300125801187,0.0888762569829677,0.0661035067255521,0.108253219523311,0.00627985690333276,0.123281751595105,0.0957681671545008,0.112567958425392,0.0621437611800598,0.495028693184903,-0.757220448458311,0.601974281914474,1.01091697146859,0.138656532534175
0.0610300125801187,0.0888762569829677,0.0661035067255521,0.108253219523311,0.00627985690333276,0.123281751595105,0.0957681671545008,0.112567958425392,0.0621437611800598,0.495028693184903,-0.757220448458311,0.601974281914474,1.04392109705656,0.12091439932976
0.0610300125801187,0.0888762569829677,0.0661035067255521,0.108253219523311,0.00627985690333276,0.123281751595105,0.0957681671545008,0.112567958425392,0.0621437611800598,0.495028693184903,-0.757220448458311,0.601974281914474,1.07686186772545,0.113086356021729
0.0610300125801187,0.0888762569829677,0.0661035067255521,0.108253219523311,0.00627985690333276,0.123281751595105,0.0957681671545008,0.112567958425392,0.0621437611800598,0.495028693184903,-0.757220448458311,0.601974281914474,1.14333460258431,0.118572275558697
0.0610300125801187,0.0888762569829677,0.0661035067255521,0.108253219523311,0.00627985690333276,0.123281751595105,0.0957681671545008,0.112567958425392,0.0621437611800598,0.495028693184903,-0.757220448458311,0.601974281914474,1.15693899262725,0.120833584104387
0.0610300125801187,0.0888762569829677,0.0661035067255521,0.108253219523311,0.00627985690333276,0.123281751595105,0.0957681671545008,0.112567958425392,0.0621437611800598,0.495028693184903,-0.757220448458311,0.601974281914474,1.20217968143844,0.129010921253696
0.0610300125801187,0.0888762569829677,0.0661035067255521,0.108253219523311,0.00627985690333276,0.123281751595105,0.0957681671545008,0.112567958425392,0.0621437611800598,0.495028693184903,-0.757220448458311,0.899777989007821,0.521900834042559,0.415591364749509
0.0610300125801187,0.0888762569829677,0.0661035067255521,0.108253219523311,0.00627985690333276,0.123281751595105,0.0957681671545008,0.112567958425392,0.0621437611800598,0.495028693184903,-0.757220448458311,0.899777989007821,0.593736243691407,0.382276424521249
0.0610300125801187,0.0888762569829677,0.0661035067255521,0.108253219523311,0.00627985690333276,0.123281751595105,0.0957681671545008,0.112567958425392,0.0621437611800598,0.495028693184903,-0.757220448458311,0.899777989007821,0.703236899648103,0.335223924799962
0.0610300125801187,0.0888762569829677,0.0661035067255521,0.108253219523311,0.00627985690333276,0.123281751595105,0.0957681671545008,0.112567958425392,0.0621437611800598,0.495028693184903,-0.757220448458311,0.899777989007821,0.781127888167719,0.303613685706853
0.0610300125801187,0.0888762569829677,0.0661035067255521,0.108253219523311,0.00627985690333276,0.123281751595105,0.0957681671545008,0.112567958425392,0.0621437611800598,0.495028693184903,-0.757220448458311,0.899777989007821,0.858988442832296,0.273007983075285
0.0610300125801187,0.0888762569829677,0.0661035067255521,0.108253219523311,0.00627985690333276,0.123281751595105,0.0957681671545008,0.112567958425392,0.0621437611800598,0.495028693184903,-0.757220448458311,0.899777989007821,0.88928575180081,0.261293881655618
0.0610300125801187,0.0888762569829677,0.0661035067255521,0.108253219523311,0.00627985690333276,0.123281751595105,0.0957681671545008,0.112567958425392,0.0621437611800598,0.495028693184903,-0.757220448458311,0.899777989007821,0.942935158671802,0.240825890384534
0.0610300125801187,0.0888762569829677,0.0661035067255521,0.108253219523311,0.00627985690333276,0.123281751595105,0.0957681671545008,0.112567958425392,0.0621437611800598,0.495028693184903,-0.757220448458311,0.899777989007821,1.00794722130487,0.216648121302177
0.0610300125801187,0.0888762569829677,0.0661035067255521,0.108253219523311,0.00627985690333276,0.123281751595105,0.0957681671545008,0.112567958425392,0.0621437611800598,0.495028693184903,-0.757220448458311,0.899777989007821,1.05096972386008,0.201401480324181
0.0610300125801187,0.0888762569829677,0.0661035067255521,0.108253219523311,0.00627985690333276,0.123281751595105,0.0957681671545008,0.112567958425392,0.0621437611800598,0.495028693184903,-0.757220448458311,0.899777989007821,1.13267021746123,0.17695353994714
0.0610300125801187,0.0888762569829677,0.0661035067255521,0.108253219523311,0.00627985690333276,0.123281751595105,0.0957681671545008,0.112567958425392,0.0621437611800598,0.495028693184903,-0.757220448458311,0.899777989007821,1.17254533241212,0.168824193559062
0.0610300125801187,0.0888762569829677,0.0661035067255521,0.108253219523311,0.00627985690333276,0.123281751595105,0.0957681671545008,0.112567958425392,0.0621437611800598,0.495028693184903,-0.757220448458311,0.899777989007821,1.20606634410298,0.164379444493665
0.0610300125801187,0.0888762569829677,0.0661035067255521,0.108253219523311,0.00627985690333276,0.123281751595105,0.0957681671545008,0.112567958425392,0.0621437611800598,0.495028693184903,-0.757220448458311,0.899777989007821,1.28450046358567,0.161044283038955
0.0610300125801187,0.0888762569829677,0.0661035067255521,0.108253219523311,0.00627985690333276,0.123281751595105,0.0957681671545008,0.112567958425392,0.0621437611800598,0.495028693184903,-0.757220448458311,1.21361701416327,0.424802857280408,0.446624073397325
0.0610300125801187,0.0888762569829677,0.0661035067255521,0.108253219523311,0.00627985690333276,0.123281751595105,0.0957681671545008,0.112567958425392,0.0621437611800598,0.495028693184903,-0.757220448458311,1.21361701416327,0.550965918278136,0.391001907287911
0.0610300125801187,0.0888762569829677,0.0661035067255521,0.108253219523311,0.00627985690333276,0.123281751595105,0.0957681671545008,0.112567958425392,0.0621437611800598,0.495028693184903,-0.757220448458311,1.21361701416327,0.638187206769655,0.356329156080422
0.0610300125801187,0.0888762569829677,0.0661035067255521,0.108253219523311,0.00627985690333276,0.123281751595105,0.0957681671545008,0.112567958425392,0.0621437611800598,0.495028693184903,-0.757220448458311,1.21361701416327,0.722506828023768,0.324602123315692
0.0610300125801187,0.0888762569829677,0.0661035067255521,0.108253219523311,0.00627985690333276,0.123281751595105,0.0957681671545008,0.112567958425392,0.0621437611800598,0.495028693184903,-0.757220448458311,1.21361701416327,0.798201780075898,0.297092368588605
0.0610300125801187,0.0888762569829677,0.0661035067255521,0.108253219523311,0.00627985690333276,0.123281751595105,0.0957681671545008,0.112567958425392,0.0621437611800598,0.495028693184903,-0.757220448458311,1.21361701416327,0.867545020308254,0.272435077810729
0.0610300125801187,0.0888762569829677,0.0661035067255521,0.108253219523311,0.00627985690333276,0.123281751595105,0.0957681671545008,0.112567958425392,0.0621437611800598,0.495028693184903,-0.757220448458311,1.21361701416327,0.933891086485891,0.249262660388204
0.0610300125801187,0.0888762569829677,0.0661035067255521,0.108253219523311,0.00627985690333276,0.123281751595105,0.0957681671545008,0.112567958425392,0.0621437611800598,0.495028693184903,-0.757220448458311,1.21361701416327,1.01618576297815,0.221350571252985
0.0610300125801187,0.0888762569829677,0.0661035067255521,0.108253219523311,0.00627985690333276,0.123281751595105,0.0957681671545008,0.112567958425392,0.0621437611800598,0.495028693184903,-0.757220448458311,1.21361701416327,1.06163402547862,0.206787834056447
0.0610300125801187,0.0888762569829677,0.0661035067255521,0.108253219523311,0.00627985690333276,0.123281751595105,0.0957681671545008,0.112567958425392,0.0621437611800598,0.495028693184903,-0.757220448458311,1.21361701416327,1.13313255936468,0.186774363562925
0.0610300125801187,0.0888762569829677,0.0661035067255521,0.108253219523311,0.00627985690333276,0.123281751595105,0.0957681671545008,0.112567958425392,0.0621437611800598,0.495028693184903,-0.757220448458311,1.21361701416327,1.21420571953971,0.171673735192656
0.0610300125801187,0.0888762569829677,0.0661035067255521,0.108253219523311,0.00627985690333276,0.123281751595105,0.0957681671545008,0.112567958425392,0.0621437611800598,0.495028693184903,-0.757220448458311,1.21361701416327,1.25516491933409,0.167665873476024
0.0610300125801187,0.0888762569829677,0.0661035067255521,0.108253219523311,0.00627985690333276,0.123281751595105,0.0957681671545008,0.112567958425392,0.0621437611800598,0.495028693184903,-0.757220448458311,1.21361701416327,1.32772120955412,0.165074252752798
0.0610300125801187,0.0888762569829677,0.0661035067255521,0.108253219523311,0.00627985690333276,0.123281751595105,0.0957681671545008,0.112567958425392,0.0621437611800598,0.495028693184903,-0.757220448458311,1.26184247484532,0.409134618959818,0.451703269668528
0.0610300125801187,0.0888762569829677,0.0661035067255521,0.108253219523311,0.00627985690333276,0.123281751595105,0.0957681671545008,0.112567958425392,0.0621437611800598,0.495028693184903,-0.757220448458311,1.26184247484532,0.549323483866497,0.389950929989631
0.0610300125801187,0.0888762569829677,0.0661035067255521,0.108253219523311,0.00627985690333276,0.123281751595105,0.0957681671545008,0.112567958425392,0.0621437611800598,0.495028693184903,-0.757220448458311,1.26184247484532,0.642903970817108,0.353205314628274
0.0610300125801187,0.0888762569829677,0.0661035067255521,0.108253219523311,0.00627985690333276,0.123281751595105,0.0957681671545008,0.112567958425392,0.0621437611800598,0.495028693184903,-0.757220448458311,1.26184247484532,0.738284821058102,0.31789678922583
0.0610300125801187,0.0888762569829677,0.0661035067255521,0.108253219523311,0.00627985690333276,0.123281751595105,0.0957681671545008,0.112567958425392,0.0621437611800598,0.495028693184903,-0.757220448458311,1.26184247484532,0.818936702746685,0.289118636307442
0.0610300125801187,0.0888762569829677,0.0661035067255521,0.108253219523311,0.00627985690333276,0.123281751595105,0.0957681671545008,0.112567958425392,0.0621437611800598,0.495028693184903,-0.757220448458311,1.26184247484532,0.871956674069416,0.270568263828842
0.0610300125801187,0.0888762569829677,0.0661035067255521,0.108253219523311,0.00627985690333276,0.123281751595105,0.0957681671545008,0.112567958425392,0.0621437611800598,0.495028693184903,-0.757220448458311,1.26184247484532,0.90939251114484,0.257635175246031
0.0610300125801187,0.0888762569829677,0.0661035067255521,0.108253219523311,0.00627985690333276,0.123281751595105,0.0957681671545008,0.112567958425392,0.0621437611800598,0.495028693184903,-0.757220448458311,1.26184247484532,1.00187515915152,0.226437494882213
0.0610300125801187,0.0888762569829677,0.0661035067255521,0.108253219523311,0.00627985690333276,0.123281751595105,0.0957681671545008,0.112567958425392,0.0621437611800598,0.495028693184903,-0.757220448458311,1.26184247484532,1.04171665192067,0.213603167965268
0.0610300125801187,0.0888762569829677,0.0661035067255521,0.108253219523311,0.00627985690333276,0.123281751595105,0.0957681671545008,0.112567958425392,0.0621437611800598,0.495028693184903,-0.757220448458311,1.26184247484532,1.09917973176948,0.196501971975331
0.0610300125801187,0.0888762569829677,0.0661035067255521,0.108253219523311,0.00627985690333276,0.123281751595105,0.0957681671545008,0.112567958425392,0.0621437611800598,0.495028693184903,-0.757220448458311,1.26184247484532,1.19784302917609,0.17483334961801
0.0610300125801187,0.0888762569829677,0.0661035067255521,0.108253219523311,0.00627985690333276,0.123281751595105,0.0957681671545008,0.112567958425392,0.0621437611800598,0.495028693184903,-0.757220448458311,1.26184247484532,1.23630990364499,0.169978574438648
0.0610300125801187,0.0888762569829677,0.0661035067255521,0.108253219523311,0.00627985690333276,0.123281751595105,0.0957681671545008,0.112567958425392,0.0621437611800598,0.495028693184903,-0.757220448458311,1.26184247484532,1.32543955509567,0.165414597020692
0.0610300125801187,0.0888762569829677,0.0661035067255521,0.108253219523311,0.00627985690333276,0.123281751595105,0.0957681671545008,0.112567958425392,0.0621437611800598,0.495028693184903,-0.757220448458311,1.7117852507882,0.336198520519478,0.463959287467196
0.0610300125801187,0.0888762569829677,0.0661035067255521,0.108253219523311,0.00627985690333276,0.123281751595105,0.0957681671545008,0.112567958425392,0.0621437611800598,0.495028693184903,-0.757220448458311,1.7117852507882,0.446409943638711,0.414217704842846
0.0610300125801187,0.0888762569829677,0.0661035067255521,0.108253219523311,0.00627985690333276,0.123281751595105,0.0957681671545008,0.112567958425392,0.0621437611800598,0.495028693184903,-0.757220448458311,1.7117852507882,0.564047854311658,0.368834579008668
0.0610300125801187,0.0888762569829677,0.0661035067255521,0.108253219523311,0.00627985690333276,0.123281751595105,0.0957681671545008,0.112567958425392,0.0621437611800598,0.495028693184903,-0.757220448458311,1.7117852507882,0.725921127481051,0.313823764614881
0.0610300125801187,0.0888762569829677,0.0661035067255521,0.108253219523311,0.00627985690333276,0.123281751595105,0.0957681671545008,0.112567958425392,0.0621437611800598,0.495028693184903,-0.757220448458311,1.7117852507882,0.760279383630805,0.302885582956715
0.0610300125801187,0.0888762569829677,0.0661035067255521,0.108253219523311,0.00627985690333276,0.123281751595105,0.0957681671545008,0.112567958425392,0.0621437611800598,0.495028693184903,-0.757220448458311,1.7117852507882,0.844252458657138,0.276957391640195
0.0610300125801187,0.0888762569829677,0.0661035067255521,0.108253219523311,0.00627985690333276,0.123281751595105,0.0957681671545008,0.112567958425392,0.0621437611800598,0.495028693184903,-0.757220448458311,1.7117852507882,0.940373677917195,0.248572230509324
0.0610300125801187,0.0888762569829677,0.0661035067255521,0.108253219523311,0.00627985690333276,0.123281751595105,0.0957681671545008,0.112567958425392,0.0621437611800598,0.495028693184903,-0.757220448458311,1.7117852507882,1.00961073261079,0.229125650828275
0.0610300125801187,0.0888762569829677,0.0661035067255521,0.108253219523311,0.00627985690333276,0.123281751595105,0.0957681671545008,0.112567958425392,0.0621437611800598,0.495028693184903,-0.757220448458311,1.7117852507882,1.07946485417453,0.210774229224293
0.0610300125801187,0.0888762569829677,0.0661035067255521,0.108253219523311,0.00627985690333276,0.123281751595105,0.0957681671545008,0.112567958425392,0.0621437611800598,0.495028693184903,-0.757220448458311,1.7117852507882,1.13687336563506,0.197335039872798
0.0610300125801187,0.0888762569829677,0.0661035067255521,0.108253219523311,0.00627985690333276,0.123281751595105,0.0957681671545008,0.112567958425392,0.0621437611800598,0.495028693184903,-0.757220448458311,1.7117852507882,1.25855287541561,0.176990551724889
0.0610300125801187,0.0888762569829677,0.0661035067255521,0.108253219523311,0.00627985690333276,0.123281751595105,0.0957681671545008,0.112567958425392,0.0621437611800598,0.495028693184903,-0.757220448458311,1.7117852507882,1.27457936826718,0.175355229173895
0.0610300125801187,0.0888762569829677,0.0661035067255521,0.108253219523311,0.00627985690333276,0.123281751595105,0.0957681671545008,0.112567958425392,0.0621437611800598,0.495028693184903,-0.757220448458311,1.7117852507882,1.36456144899981,0.169790920361342
0.0610300125801187,0.0888762569829677,0.0661035067255521,0.108253219523311,0.00627985690333276,0.123281751595105,0.0957681671545008,0.112567958425392,0.0621437611800598,0.495028693184903,-0.757220448458311,2.11016146907623,0.210917365079492,0.51721934464173
0.0610300125801187,0.0888762569829677,0.0661035067255521,0.108253219523311,0.00627985690333276,0.123281751595105,0.0957681671545008,0.112567958425392,0.0621437611800598,0.495028693184903,-0.757220448458311,2.11016146907623,0.431098400076737,0.409136615512992
0.0610300125801187,0.0888762569829677,0.0661035067255521,0.108253219523311,0.00627985690333276,0.123281751595105,0.0957681671545008,0.112567958425392,0.0621437611800598,0.495028693184903,-0.757220448458311,2.11016146907623,0.577065256394723,0.357022869744492
0.0610300125801187,0.0888762569829677,0.0661035067255521,0.108253219523311,0.00627985690333276,0.123281751595105,0.0957681671545008,0.112567958425392,0.0621437611800598,0.495028693184903,-0.757220448458311,2.11016146907623,0.690069539074842,0.321590073896382
0.0610300125801187,0.0888762569829677,0.0661035067255521,0.108253219523311,0.00627985690333276,0.123281751595105,0.0957681671545008,0.112567958425392,0.0621437611800598,0.495028693184903,-0.757220448458311,2.11016146907623,0.744021703032218,0.305698618637134
0.0610300125801187,0.0888762569829677,0.0661035067255521,0.108253219523311,0.00627985690333276,0.123281751595105,0.0957681671545008,0.112567958425392,0.0621437611800598,0.495028693184903,-0.757220448458311,2.11016146907623,0.827490986586537,0.282142144012004
0.0610300125801187,0.0888762569829677,0.0661035067255521,0.108253219523311,0.00627985690333276,0.123281751595105,0.0957681671545008,0.112567958425392,0.0621437611800598,0.495028693184903,-0.757220448458311,2.11016146907623,0.892174653460288,0.264651520435147
0.0610300125801187,0.0888762569829677,0.0661035067255521,0.108253219523311,0.00627985690333276,0.123281751595105,0.0957681671545008,0.112567958425392,0.0621437611800598,0.495028693184903,-0.757220448458311,2.11016146907623,0.992429140407199,0.238861042478061
0.0610300125801187,0.0888762569829677,0.0661035067255521,0.108253219523311,0.00627985690333276,0.123281751595105,0.0957681671545008,0.112567958425392,0.0621437611800598,0.495028693184903,-0.757220448458311,2.11016146907623,1.11645206217505,0.21010216051549
0.0610300125801187,0.0888762569829677,0.0661035067255521,0.108253219523311,0.00627985690333276,0.123281751595105,0.0957681671545008,0.112567958425392,0.0621437611800598,0.495028693184903,-0.757220448458311,2.11016146907623,1.16601233242276,0.200206234319694
0.0610300125801187,0.0888762569829677,0.0661035067255521,0.108253219523311,0.00627985690333276,0.123281751595105,0.0957681671545008,0.112567958425392,0.0621437611800598,0.495028693184903,-0.757220448458311,2.11016146907623,1.24646572602615,0.187155918854745
0.0610300125801187,0.0888762569829677,0.0661035067255521,0.108253219523311,0.00627985690333276,0.123281751595105,0.0957681671545008,0.112567958425392,0.0621437611800598,0.495028693184903,-0.757220448458311,2.11016146907623,1.30634937364622,0.180306479331165
0.0610300125801187,0.0888762569829677,0.0661035067255521,0.108253219523311,0.00627985690333276,0.123281751595105,0.0957681671545008,0.112567958425392,0.0621437611800598,0.495028693184903,-0.757220448458311,2.11016146907623,1.42689073777899,0.173264067005263
0.147764058385027,0.0594992240876444,0.113570516604291,0.0723667671208607,0.034188653775147,0.0538677373243002,0.0461051250468533,0.0977402498629846,0.05850578564109,0.587852981858877,-0.514308969754786,0.0160620201144839,0.932297377726606,0.438994638848384
0.147764058385027,0.0594992240876444,0.113570516604291,0.0723667671208607,0.034188653775147,0.0538677373243002,0.0461051250468533,0.0977402498629846,0.05850578564109,0.587852981858877,-0.514308969754786,0.0160620201144839,0.942290149137834,0.418641212186547
0.147764058385027,0.0594992240876444,0.113570516604291,0.0723667671208607,0.034188653775147,0.0538677373243002,0.0461051250468533,0.0977402498629846,0.05850578564109,0.587852981858877,-0.514308969754786,0.0160620201144839,0.958921928316608,0.383122891531219
0.147764058385027,0.0594992240876444,0.113570516604291,0.0723667671208607,0.034188653775147,0.0538677373243002,0.0461051250468533,0.0977402498629846,0.05850578564109,0.587852981858877,-0.514308969754786,0.0160620201144839,0.969209000844231,0.360073211364572
0.147764058385027,0.0594992240876444,0.113570516604291,0.0723667671208607,0.034188653775147,0.0538677373243002,0.0461051250468533,0.0977402498629846,0.05850578564109,0.587852981858877,-0.514308969754786,0.0160620201144839,0.975689233890707,0.345182835177326
0.147764058385027,0.0594992240876444,0.113570516604291,0.0723667671208607,0.034188653775147,0.0538677373243002,0.0461051250468533,0.0977402498629846,0.05850578564109,0.587852981858877,-0.514308969754786,0.0160620201144839,0.982942610087322,0.328301395662803
0.147764058385027,0.0594992240876444,0.113570516604291,0.0723667671208607,0.034188653775147,0.0538677373243002,0.0461051250468533,0.0977402498629846,0.05850578564109,0.587852981858877,-0.514308969754786,0.0160620201144839,0.993952887649125,0.302920954733618
0.147764058385027,0.0594992240876444,0.113570516604291,0.0723667671208607,0.034188653775147,0.0538677373243002,0.0461051250468533,0.0977402498629846,0.05850578564109,0.587852981858877,-0.514308969754786,0.0160620201144839,0.999998054727676,0.289787404932908
0.147764058385027,0.0594992240876444,0.113570516604291,0.0723667671208607,0.034188653775147,0.0538677373243002,0.0461051250468533,0.0977402498629846,0.05850578564109,0.587852981858877,-0.514308969754786,0.0160620201144839,1.005644803527,0.278763679550035
0.147764058385027,0.0594992240876444,0.113570516604291,0.0723667671208607,0.034188653775147,0.0538677373243002,0.0461051250468533,0.0977402498629846,0.05850578564109,0.587852981858877,-0.514308969754786,0.0160620201144839,1.01427883652353,0.265678149614387
0.147764058385027,0.0594992240876444,0.113570516604291,0.0723667671208607,0.034188653775147,0.0538677373243002,0.0461051250468533,0.0977402498629846,0.05850578564109,0.587852981858877,-0.514308969754786,0.0160620201144839,1.02202154057164,0.259104480816952
0.147764058385027,0.0594992240876444,0.113570516604291,0.0723667671208607,0.034188653775147,0.0538677373243002,0.0461051250468533,0.0977402498629846,0.05850578564109,0.587852981858877,-0.514308969754786,0.0160620201144839,1.02583122223797,0.257659001678911
0.147764058385027,0.0594992240876444,0.113570516604291,0.0723667671208607,0.034188653775147,0.0538677373243002,0.0461051250468533,0.0977402498629846,0.05850578564109,0.587852981858877,-0.514308969754786,0.0160620201144839,1.03623912312179,0.258463694796873
0.147764058385027,0.0594992240876444,0.113570516604291,0.0723667671208607,0.034188653775147,0.0538677373243002,0.0461051250468533,0.0977402498629846,0.05850578564109,0.587852981858877,-0.514308969754786,0.0755401852751928,0.85905233567783,0.4236546815312
0.147764058385027,0.0594992240876444,0.113570516604291,0.0723667671208607,0.034188653775147,0.0538677373243002,0.0461051250468533,0.0977402498629846,0.05850578564109,0.587852981858877,-0.514308969754786,0.0755401852751928,0.876624430391131,0.406009365129182
0.147764058385027,0.0594992240876444,0.113570516604291,0.0723667671208607,0.034188653775147,0.0538677373243002,0.0461051250468533,0.0977402498629846,0.05850578564109,0.587852981858877,-0.514308969754786,0.0755401852751928,0.905731347868483,0.376344541605989
0.147764058385027,0.0594992240876444,0.113570516604291,0.0723667671208607,0.034188653775147,0.0538677373243002,0.0461051250468533,0.0977402498629846,0.05850578564109,0.587852981858877,-0.514308969754786,0.0755401852751928,0.941717885042787,0.339052817458854
0.147764058385027,0.0594992240876444,0.113570516604291,0.0723667671208607,0.034188653775147,0.0538677373243002,0.0461051250468533,0.0977402498629846,0.05850578564109,0.587852981858877,-0.514308969754786,0.0755401852751928,0.95018344936963,0.330256470939566
0.147764058385027,0.0594992240876444,0.113570516604291,0.0723667671208607,0.034188653775147,0.0538677373243002,0.0461051250468533,0.0977402498629846,0.05850578564109,0.587852981858877,-0.514308969754786,0.0755401852751928,0.973477899289784,0.306372126239314
0.147764058385027,0.0594992240876444,0.113570516604291,0.0723667671208607,0.034188653775147,0.0538677373243002,0.0461051250468533,0.0977402498629846,0.05850578564109,0.587852981858877,-0.514308969754786,0.0755401852751928,0.984102514810296,0.295849092532715
0.147764058385027,0.0594992240876444,0.113570516604291,0.0723667671208607,0.034188653775147,0.0538677373243002,0.0461051250468533,0.0977402498629846,0.05850578564109,0.587852981858877,-0.514308969754786,0.0755401852751928,0.996390000845788,0.284298777284517
0.147764058385027,0.0594992240876444,0.113570516604291,0.0723667671208607,0.034188653775147,0.0538677373243002,0.0461051250468533,0.0977402498629846,0.05850578564109,0.587852981858877,-0.514308969754786,0.0755401852751928,1.00820066193102,0.274134992675442
0.147764058385027,0.0594992240876444,0.113570516604291,0.0723667671208607,0.034188653775147,0.0538677373243002,0.0461051250468533,0.0977402498629846,0.05850578564109,0.587852981858877,-0.514308969754786,0.0755401852751928,1.02746473154427,0.26071761897318
0.147764058385027,0.0594992240876444,0.113570516604291,0.0723667671208607,0.034188653775147,0.0538677373243002,0.0461051250468533,0.0977402498629846,0.05850578564109,0.587852981858877,-0.514308969754786,0.0755401852751928,1.04414720678817,0.25332862499196
0.147764058385027,0.0594992240876444,0.113570516604291,0.0723667671208607,0.034188653775147,0.0538677373243002,0.0461051250468533,0.0977402498629846,0.05850578564109,0.587852981858877,-0.514308969754786,0.0755401852751928,1.05879855475863,0.250337103231867
0.147764058385027,0.0594992240876444,0.113570516604291,0.0723667671208607,0.034188653775147,0.0538677373243002,0.0461051250468533,0.0977402498629846,0.05850578564109,0.587852981858877,-0.514308969754786,0.0755401852751928,1.08058509779387,0.250871073101
0.147764058385027,0.0594992240876444,0.113570516604291,0.0723667671208607,0.034188653775147,0.0538677373243002,0.0461051250468533,0.0977402498629846,0.05850578564109,0.587852981858877,-0.514308969754786,0.111216205597547,0.833687280235984,0.420732663501735
0.147764058385027,0.0594992240876444,0.113570516604291,0.0723667671208607,0.034188653775147,0.0538677373243002,0.0461051250468533,0.0977402498629846,0.05850578564109,0.587852981858877,-0.514308969754786,0.111216205597547,0.864540872249276,0.393524784618079
0.147764058385027,0.0594992240876444,0.113570516604291,0.0723667671208607,0.034188653775147,0.0538677373243002,0.0461051250468533,0.0977402498629846,0.05850578564109,0.587852981858877,-0.514308969754786,0.111216205597547,0.89677784106121,0.36453488430738
0.147764058385027,0.0594992240876444,0.113570516604291,0.0723667671208607,0.034188653775147,0.0538677373243002,0.0461051250468533,0.0977402498629846,0.05850578564109,0.587852981858877,-0.514308969754786,0.111216205597547,0.928091984068746,0.335842814116639
0.147764058385027,0.0594992240876444,0.113570516604291,0.0723667671208607,0.034188653775147,0.0538677373243002,0.0461051250468533,0.0977402498629846,0.05850578564109,0.587852981858877,-0.514308969754786,0.111216205597547,0.949542887710254,0.316037567560194
0.147764058385027,0.0594992240876444,0.113570516604291,0.0723667671208607,0.034188653775147,0.0538677373243002,0.0461051250468533,0.0977402498629846,0.05850578564109,0.587852981858877,-0.514308969754786,0.111216205597547,0.969045174746004,0.298191327771449
0.147764058385027,0.0594992240876444,0.113570516604291,0.0723667671208607,0.034188653775147,0.0538677373243002,0.0461051250468533,0.0977402498629846,0.05850578564109,0.587852981858877,-0.514308969754786,0.111216205597547,0.986116857961463,0.283109139588158
0.147764058385027,0.0594992240876444,0.113570516604291,0.0723667671208607,0.034188653775147,0.0538677373243002,0.0461051250468533,0.0977402498629846,0.05850578564109,0.587852981858877,-0.514308969754786,0.111216205597547,1.00548017904408,0.267414030410701
0.147764058385027,0.0594992240876444,0.113570516604291,0.0723667671208607,0.034188653775147,0.0538677373243002,0.0461051250468533,0.0977402498629846,0.05850578564109,0.587852981858877,-0.514308969754786,0.111216205597547,1.02422498758276,0.254895082350366
0.147764058385027,0.0594992240876444,0.113570516604291,0.0723667671208607,0.034188653775147,0.0538677373243002,0.0461051250468533,0.0977402498629846,0.05850578564109,0.587852981858877,-0.514308969754786,0.111216205597547,1.03657948541493,0.248749288609557
0.147764058385027,0.0594992240876444,0.113570516604291,0.0723667671208607,0.034188653775147,0.0538677373243002,0.0461051250468533,0.0977402498629846,0.05850578564109,0.587852981858877,-0.514308969754786,0.111216205597547,1.06115002639363,0.242243442068946
0.147764058385027,0.0594992240876444,0.113570516604291,0.0723667671208607,0.034188653775147,0.0538677373243002,0.0461051250468533,0.0977402498629846,0.05850578564109,0.587852981858877,-0.514308969754786,0.111216205597547,1.07281773996993,0.241565213679946
0.147764058385027,0.0594992240876444,0.113570516604291,0.0723667671208607,0.034188653775147,0.0538677373243002,0.0461051250468533,0.0977402498629846,0.05850578564109,0.587852981858877,-0.514308969754786,0.111216205597547,1.09306365151384,0.243184969610663
0.147764058385027,0.0594992240876444,0.113570516604291,0.0723667671208607,0.034188653775147,0.0538677373243002,0.0461051250468533,0.0977402498629846,0.05850578564109,0.587852981858877,-0.514308969754786,0.193960311586649,0.78094030801606,0.4109903041039
0.147764058385027,0.0594992240876444,0.113570516604291,0.0723667671208607,0.034188653775147,0.0538677373243002,0.0461051250468533,0.0977402498629846,0.05850578564109,0.587852981858877,-0.514308969754786,0.193960311586649,0.81690901256998,0.383679145475737
0.147764058385027,0.0594992240876444,0.113570516604291,0.0723667671208607,0.034188653775147,0.0538677373243002,0.0461051250468533,0.0977402498629846,0.05850578564109,0.587852981858877,-0.514308969754786,0.193960311586649,0.863388979319823,0.347836941387983
0.147764058385027,0.0594992240876444,0.113570516604291,0.0723667671208607,0.034188653775147,0.0538677373243002,0.0461051250468533,0.0977402498629846,0.05850578564109,0.587852981858877,-0.514308969754786,0.193960311586649,0.90068342166819,0.318605610833809
0.147764058385027,0.0594992240876444,0.113570516604291,0.0723667671208607,0.034188653775147,0.0538677373243002,0.0461051250468533,0.0977402498629846,0.05850578564109,0.587852981858877,-0.514308969754786,0.193960311586649,0.919619316416661,0.303653677571322
0.147764058385027,0.0594992240876444,0.113570516604291,0.0723667671208607,0.034188653775147,0.0538677373243002,0.0461051250468533,0.0977402498629846,0.05850578564109,0.587852981858877,-0.514308969754786,0.193960311586649,0.942175709949935,0.285874315329063
0.147764058385027,0.0594992240876444,0.113570516604291,0.0723667671208607,0.034188653775147,0.0538677373243002,0.0461051250468533,0.0977402498629846,0.05850578564109,0.587852981858877,-0.514308969754786,0.193960311586649,0.979047691265436,0.257743778517685
0.147764058385027,0.0594992240876444,0.113570516604291,0.0723667671208607,0.034188653775147,0.0538677373243002,0.0461051250468533,0.0977402498629846,0.05850578564109,0.587852981858877,-0.514308969754786,0.193960311586649,0.997863951723234,0.244642976055967
0.147764058385027,0.0594992240876444,0.113570516604291,0.0723667671208607,0.034188653775147,0.0538677373243002,0.0461051250468533,0.0977402498629846,0.05850578564109,0.587852981858877,-0.514308969754786,0.193960311586649,1.02082861428419,0.231169305504781
0.147764058385027,0.0594992240876444,0.113570516604291,0.0723667671208607,0.034188653775147,0.0538677373243002,0.0461051250468533,0.0977402498629846,0.05850578564109,0.587852981858877,-0.514308969754786,0.193960311586649,1.0417876671547,0.222648269434561
0.147764058385027,0.0594992240876444,0.113570516604291,0.0723667671208607,0.034188653775147,0.0538677373243002,0.0461051250468533,0.0977402498629846,0.05850578564109,0.587852981858877,-0.514308969754786,0.193960311586649,1.08631150864601,0.218042539079355
0.147764058385027,0.0594992240876444,0.113570516604291,0.0723667671208607,0.034188653775147,0.0538677373243002,0.0461051250468533,0.0977402498629846,0.05850578564109,0.587852981858877,-0.514308969754786,0.193960311586649,1.09098025294262,0.218423955982462
0.147764058385027,0.0594992240876444,0.113570516604291,0.0723667671208607,0.034188653775147,0.0538677373243002,0.0461051250468533,0.0977402498629846,0.05850578564109,0.587852981858877,-0.514308969754786,0.193960311586649,1.13082677889574,0.225256067085388
0.147764058385027,0.0594992240876444,0.113570516604291,0.0723667671208607,0.034188653775147,0.0538677373243002,0.0461051250468533,0.0977402498629846,0.05850578564109,0.587852981858877,-0.514308969754786,0.409670689412124,0.692434107430994,0.389939959882817
0.147764058385027,0.0594992240876444,0.113570516604291,0.0723667671208607,0.034188653775147,0.0538677373243002,0.0461051250468533,0.0977402498629846,0.05850578564109,0.587852981858877,-0.514308969754786,0.409670689412124,0.736431348882636,0.362404584180664
0.147764058385027,0.0594992240876444,0.113570516604291,0.0723667671208607,0.034188653775147,0.0538677373243002,0.0461051250468533,0.0977402498629846,0.05850578564109,0.587852981858877,-0.514308969754786,0.409670689412124,0.800035198069041,0.322306584590849
0.147764058385027,0.0594992240876444,0.113570516604291,0.0723667671208607,0.034188653775147,0.0538677373243002,0.0461051250468533,0.0977402498629846,0.05850578564109,0.587852981858877,-0.514308969754786,0.409670689412124,0.840047637340699,0.296700879140816
0.147764058385027,0.0594992240876444,0.113570516604291,0.0723667671208607,0.034188653775147,0.0538677373243002,0.0461051250468533,0.0977402498629846,0.05850578564109,0.587852981858877,-0.514308969754786,0.409670689412124,0.890734309730046,0.263704617706982
0.147764058385027,0.0594992240876444,0.113570516604291,0.0723667671208607,0.034188653775147,0.0538677373243002,0.0461051250468533,0.0977402498629846,0.05850578564109,0.587852981858877,-0.514308969754786,0.409670689412124,0.915500430722729,0.247414745560701
0.147764058385027,0.0594992240876444,0.113570516604291,0.0723667671208607,0.034188653775147,0.0538677373243002,0.0461051250468533,0.0977402498629846,0.05850578564109,0.587852981858877,-0.514308969754786,0.409670689412124,0.957839019922981,0.219807210112353
0.147764058385027,0.0594992240876444,0.113570516604291,0.0723667671208607,0.034188653775147,0.0538677373243002,0.0461051250468533,0.0977402498629846,0.05850578564109,0.587852981858877,-0.514308969754786,0.409670689412124,1.00704345998733,0.191276388821141
0.147764058385027,0.0594992240876444,0.113570516604291,0.0723667671208607,0.034188653775147,0.0538677373243002,0.0461051250468533,0.0977402498629846,0.05850578564109,0.587852981858877,-0.514308969754786,0.409670689412124,1.04891179230942,0.177618546902521
0.147764058385027,0.0594992240876444,0.113570516604291,0.0723667671208607,0.034188653775147,0.0538677373243002,0.0461051250468533,0.0977402498629846,0.05850578564109,0.587852981858877,-0.514308969754786,0.409670689412124,1.06270450792338,0.176263823112106
0.147764058385027,0.0594992240876444,0.113570516604291,0.0723667671208607,0.034188653775147,0.0538677373243002,0.0461051250468533,0.0977402498629846,0.05850578564109,0.587852981858877,-0.514308969754786,0.409670689412124,1.12634007722375,0.182978998371199
0.147764058385027,0.0594992240876444,0.113570516604291,0.0723667671208607,0.034188653775147,0.0538677373243002,0.0461051250468533,0.0977402498629846,0.05850578564109,0.587852981858877,-0.514308969754786,0.409670689412124,1.12963074234698,0.18364308680969
0.147764058385027,0.0594992240876444,0.113570516604291,0.0723667671208607,0.034188653775147,0.0538677373243002,0.0461051250468533,0.0977402498629846,0.05850578564109,0.587852981858877,-0.514308969754786,0.409670689412124,1.17647580796491,0.194175871754684
0.147764058385027,0.0594992240876444,0.113570516604291,0.0723667671208607,0.034188653775147,0.0538677373243002,0.0461051250468533,0.0977402498629846,0.05850578564109,0.587852981858877,-0.514308969754786,0.589312097603328,0.593650841317222,0.401368865009807
0.147764058385027,0.0594992240876444,0.113570516604291,0.0723667671208607,0.034188653775147,0.0538677373243002,0.0461051250468533,0.0977402498629846,0.05850578564109,0.587852981858877,-0.514308969754786,0.589312097603328,0.657630336694715,0.363956718816507
0.147764058385027,0.0594992240876444,0.113570516604291,0.0723667671208607,0.034188653775147,0.0538677373243002,0.0461051250468533,0.0977402498629846,0.05850578564109,0.587852981858877,-0.514308969754786,0.589312097603328,0.730817504067616,0.321836091194575
0.147764058385027,0.0594992240876444,0.113570516604291,0.0723667671208607,0.034188653775147,0.0538677373243002,0.0461051250468533,0.0977402498629846,0.05850578564109,0.587852981858877,-0.514308969754786,0.589312097603328,0.812561487988572,0.274815783074636
0.147764058385027,0.0594992240876444,0.113570516604291,0.0723667671208607,0.034188653775147,0.0538677373243002,0.0461051250468533,0.0977402498629846,0.05850578564109,0.587852981858877,-0.514308969754786,0.589312097603328,0.851600279256522,0.252158837272126
0.147764058385027,0.0594992240876444,0.113570516604291,0.0723667671208607,0.034188653775147,0.0538677373243002,0.0461051250468533,0.0977402498629846,0.05850578564109,0.587852981858877,-0.514308969754786,0.589312097603328,0.908439771957502,0.218918856433033
0.147764058385027,0.0594992240876444,0.113570516604291,0.0723667671208607,0.034188653775147,0.0538677373243002,0.0461051250468533,0.0977402498629846,0.05850578564109,0.587852981858877,-0.514308969754786,0.589312097603328,0.9630926764479,0.187529674902079
0.147764058385027,0.0594992240876444,0.113570516604291,0.0723667671208607,0.034188653775147,0.0538677373243002,0.0461051250468533,0.0977402498629846,0.05850578564109,0.587852981858877,-0.514308969754786,0.589312097603328,0.999145399688955,0.169104624099502
0.147764058385027,0.0594992240876444,0.113570516604291,0.0723667671208607,0.034188653775147,0.0538677373243002,0.0461051250468533,0.0977402498629846,0.05850578564109,0.587852981858877,-0.514308969754786,0.589312097603328,1.05625978458663,0.153673382909129
0.147764058385027,0.0594992240876444,0.113570516604291,0.0723667671208607,0.034188653775147,0.0538677373243002,0.0461051250468533,0.0977402498629846,0.05850578564109,0.587852981858877,-0.514308969754786,0.589312097603328,1.09309109533403,0.155125086919948
0.147764058385027,0.0594992240876444,0.113570516604291,0.0723667671208607,0.034188653775147,0.0538677373243002,0.0461051250468533,0.0977402498629846,0.05850578564109,0.587852981858877,-0.514308969754786,0.589312097603328,1.13060369833182,0.161263487996783
0.147764058385027,0.0594992240876444,0.113570516604291,0.0723667671208607,0.034188653775147,0.0538677373243002,0.0461051250468533,0.0977402498629846,0.05850578564109,0.587852981858877,-0.514308969754786,0.589312097603328,1.16156109346586,0.167727844116695
0.147764058385027,0.0594992240876444,0.113570516604291,0.0723667671208607,0.034188653775147,0.0538677373243002,0.0461051250468533,0.0977402498629846,0.05850578564109,0.587852981858877,-0.514308969754786,0.589312097603328,1.22359072332079,0.181640929247764
0.147764058385027,0.0594992240876444,0.113570516604291,0.0723667671208607,0.034188653775147,0.0538677373243002,0.0461051250468533,0.0977402498629846,0.05850578564109,0.587852981858877,-0.514308969754786,0.821619856950912,0.532788185084371,0.397726606484483
0.147764058385027,0.0594992240876444,0.113570516604291,0.0723667671208607,0.034188653775147,0.0538677373243002,0.0461051250468533,0.0977402498629846,0.05850578564109,0.587852981858877,-0.514308969754786,0.821619856950912,0.605123011883505,0.359130310267576
0.147764058385027,0.0594992240876444,0.113570516604291,0.0723667671208607,0.034188653775147,0.0538677373243002,0.0461051250468533,0.0977402498629846,0.05850578564109,0.587852981858877,-0.514308969754786,0.821619856950912,0.712862787447623,0.304557146616028
0.147764058385027,0.0594992240876444,0.113570516604291,0.0723667671208607,0.034188653775147,0.0538677373243002,0.0461051250468533,0.0977402498629846,0.05850578564109,0.587852981858877,-0.514308969754786,0.821619856950912,0.781762848954806,0.27076136963567
0.147764058385027,0.0594992240876444,0.113570516604291,0.0723667671208607,0.034188653775147,0.0538677373243002,0.0461051250468533,0.0977402498629846,0.05850578564109,0.587852981858877,-0.514308969754786,0.821619856950912,0.827710943310953,0.248517789611668
0.147764058385027,0.0594992240876444,0.113570516604291,0.0723667671208607,0.034188653775147,0.0538677373243002,0.0461051250468533,0.0977402498629846,0.05850578564109,0.587852981858877,-0.514308969754786,0.821619856950912,0.910501725171869,0.209130005703311
0.147764058385027,0.0594992240876444,0.113570516604291,0.0723667671208607,0.034188653775147,0.0538677373243002,0.0461051250468533,0.0977402498629846,0.05850578564109,0.587852981858877,-0.514308969754786,0.821619856950912,0.970781419186717,0.182186042537021
0.147764058385027,0.0594992240876444,0.113570516604291,0.0723667671208607,0.034188653775147,0.0538677373243002,0.0461051250468533,0.0977402498629846,0.05850578564109,0.587852981858877,-0.514308969754786,0.821619856950912,1.00307485004975,0.169729967045064
0.147764058385027,0.0594992240876444,0.113570516604291,0.0723667671208607,0.034188653775147,0.0538677373243002,0.0461051250468533,0.0977402498629846,0.05850578564109,0.587852981858877,-0.514308969754786,0.821619856950912,1.03362855594963,0.160746332720177
0.147764058385027,0.0594992240876444,0.113570516604291,0.0723667671208607,0.034188653775147,0.0538677373243002,0.0461051250468533,0.0977402498629846,0.05850578564109,0.587852981858877,-0.514308969754786,0.821619856950912,1.08942685883856,0.154683824246831
0.147764058385027,0.0594992240876444,0.113570516604291,0.0723667671208607,0.034188653775147,0.0538677373243002,0.0461051250468533,0.0977402498629846,0.05850578564109,0.587852981858877,-0.514308969754786,0.821619856950912,1.16410068164449,0.161525272877202
0.147764058385027,0.0594992240876444,0.113570516604291,0.0723667671208607,0.034188653775147,0.0538677373243002,0.0461051250468533,0.0977402498629846,0.05850578564109,0.587852981858877,-0.514308969754786,0.821619856950912,1.18252412208699,0.164331337317112
0.147764058385027,0.0594992240876444,0.113570516604291,0.0723667671208607,0.034188653775147,0.0538677373243002,0.0461051250468533,0.0977402498629846,0.05850578564109,0.587852981858877,-0.514308969754786,0.821619856950912,1.27109846228858,0.179425250997136
0.147764058385027,0.0594992240876444,0.113570516604291,0.0723667671208607,0.034188653775147,0.0538677373243002,0.0461051250468533,0.0977402498629846,0.05850578564109,0.587852981858877,-0.514308969754786,1.17676934391161,0.435015450490907,0.409436501818572
0.147764058385027,0.0594992240876444,0.113570516604291,0.0723667671208607,0.034188653775147,0.0538677373243002,0.0461051250468533,0.0977402498629846,0.05850578564109,0.587852981858877,-0.514308969754786,1.17676934391161,0.554195712574684,0.349780274287791
0.147764058385027,0.0594992240876444,0.113570516604291,0.0723667671208607,0.034188653775147,0.0538677373243002,0.0461051250468533,0.0977402498629846,0.05850578564109,0.587852981858877,-0.514308969754786,1.17676934391161,0.615460359419608,0.321490405937235
0.147764058385027,0.0594992240876444,0.113570516604291,0.0723667671208607,0.034188653775147,0.0538677373243002,0.0461051250468533,0.0977402498629846,0.05850578564109,0.587852981858877,-0.514308969754786,1.17676934391161,0.729612660643067,0.27134852879223
0.147764058385027,0.0594992240876444,0.113570516604291,0.0723667671208607,0.034188653775147,0.0538677373243002,0.0461051250468533,0.0977402498629846,0.05850578564109,0.587852981858877,-0.514308969754786,1.17676934391161,0.79548489520632,0.243382322102912
0.147764058385027,0.0594992240876444,0.113570516604291,0.0723667671208607,0.034188653775147,0.0538677373243002,0.0461051250468533,0.0977402498629846,0.05850578564109,0.587852981858877,-0.514308969754786,1.17676934391161,0.904580243413386,0.198363643455896
0.147764058385027,0.0594992240876444,0.113570516604291,0.0723667671208607,0.034188653775147,0.0538677373243002,0.0461051250468533,0.0977402498629846,0.05850578564109,0.587852981858877,-0.514308969754786,1.17676934391161,0.93898323620264,0.18481782945666
0.147764058385027,0.0594992240876444,0.113570516604291,0.0723667671208607,0.034188653775147,0.0538677373243002,0.0461051250468533,0.0977402498629846,0.05850578564109,0.587852981858877,-0.514308969754786,1.17676934391161,0.981915577681358,0.169175293438539
0.147764058385027,0.0594992240876444,0.113570516604291,0.0723667671208607,0.034188653775147,0.0538677373243002,0.0461051250468533,0.0977402498629846,0.05850578564109,0.587852981858877,-0.514308969754786,1.17676934391161,1.07575875334611,0.148772900018517
0.147764058385027,0.0594992240876444,0.113570516604291,0.0723667671208607,0.034188653775147,0.0538677373243002,0.0461051250468533,0.0977402498629846,0.05850578564109,0.587852981858877,-0.514308969754786,1.17676934391161,1.1496868124929,0.150675333741942
0.147764058385027,0.0594992240876444,0.113570516604291,0.0723667671208607,0.034188653775147,0.0538677373243002,0.0461051250468533,0.0977402498629846,0.05850578564109,0.587852981858877,-0.514308969754786,1.17676934391161,1.18431105525875,0.154406711979621
0.147764058385027,0.0594992240876444,0.113570516604291,0.0723667671208607,0.034188653775147,0.0538677373243002,0.0461051250468533,0.0977402498629846,0.05850578564109,0.587852981858877,-0.514308969754786,1.17676934391161,1.23038078231642,0.160394911534411
0.147764058385027,0.0594992240876444,0.113570516604291,0.0723667671208607,0.034188653775147,0.0538677373243002,0.0461051250468533,0.0977402498629846,0.05850578564109,0.587852981858877,-0.514308969754786,1.17676934391161,1.30700665330161,0.171224382527788
0.147764058385027,0.0594992240876444,0.113570516604291,0.0723667671208607,0.034188653775147,0.0538677373243002,0.0461051250468533,0.0977402498629846,0.05850578564109,0.587852981858877,-0.514308969754786,1.32089170759753,0.402762386360672,0.413869346398679
0.147764058385027,0.0594992240876444,0.113570516604291,0.0723667671208607,0.034188653775147,0.0538677373243002,0.0461051250468533,0.0977402498629846,0.05850578564109,0.587852981858877,-0.514308969754786,1.32089170759753,0.532952602407596,0.349057643348818
0.147764058385027,0.0594992240876444,0.113570516604291,0.0723667671208607,0.034188653775147,0.0538677373243002,0.0461051250468533,0.0977402498629846,0.05850578564109,0.587852981858877,-0.514308969754786,1.32089170759753,0.648655772019884,0.297712212219883
0.147764058385027,0.0594992240876444,0.113570516604291,0.0723667671208607,0.034188653775147,0.0538677373243002,0.0461051250468533,0.0977402498629846,0.05850578564109,0.587852981858877,-0.514308969754786,1.32089170759753,0.765483482249043,0.249115015055588
0.147764058385027,0.0594992240876444,0.113570516604291,0.0723667671208607,0.034188653775147,0.0538677373243002,0.0461051250468533,0.0977402498629846,0.05850578564109,0.587852981858877,-0.514308969754786,1.32089170759753,0.812299794593041,0.230218276435535
0.147764058385027,0.0594992240876444,0.113570516604291,0.0723667671208607,0.034188653775147,0.0538677373243002,0.0461051250468533,0.0977402498629846,0.05850578564109,0.587852981858877,-0.514308969754786,1.32089170759753,0.900730569461068,0.195471169452323
0.147764058385027,0.0594992240876444,0.113570516604291,0.0723667671208607,0.034188653775147,0.0538677373243002,0.0461051250468533,0.0977402498629846,0.05850578564109,0.587852981858877,-0.514308969754786,1.32089170759753,0.940421426419044,0.180615837187329
0.147764058385027,0.0594992240876444,0.113570516604291,0.0723667671208607,0.034188653775147,0.0538677373243002,0.0461051250468533,0.0977402498629846,0.05850578564109,0.587852981858877,-0.514308969754786,1.32089170759753,1.02699323021662,0.153856332352243
0.147764058385027,0.0594992240876444,0.113570516604291,0.0723667671208607,0.034188653775147,0.0538677373243002,0.0461051250468533,0.0977402498629846,0.05850578564109,0.587852981858877,-0.514308969754786,1.32089170759753,1.07891563155396,0.146500871367917
0.147764058385027,0.0594992240876444,0.113570516604291,0.0723667671208607,0.034188653775147,0.0538677373243002,0.0461051250468533,0.0977402498629846,0.05850578564109,0.587852981858877,-0.514308969754786,1.32089170759753,1.11746474856715,0.146097310524369
0.147764058385027,0.0594992240876444,0.113570516604291,0.0723667671208607,0.034188653775147,0.0538677373243002,0.0461051250468533,0.0977402498629846,0.05850578564109,0.587852981858877,-0.514308969754786,1.32089170759753,1.22662459361891,0.156378352720123
0.147764058385027,0.0594992240876444,0.113570516604291,0.0723667671208607,0.034188653775147,0.0538677373243002,0.0461051250468533,0.0977402498629846,0.05850578564109,0.587852981858877,-0.514308969754786,1.32089170759753,1.23727310562471,0.157744655469484
0.147764058385027,0.0594992240876444,0.113570516604291,0.0723667671208607,0.034188653775147,0.0538677373243002,0.0461051250468533,0.0977402498629846,0.05850578564109,0.587852981858877,-0.514308969754786,1.32089170759753,1.31184270482334,0.167685196673217
0.147764058385027,0.0594992240876444,0.113570516604291,0.0723667671208607,0.034188653775147,0.0538677373243002,0.0461051250468533,0.0977402498629846,0.05850578564109,0.587852981858877,-0.514308969754786,1.71091720006344,0.293745722815479,0.446324641693576
0.147764058385027,0.0594992240876444,0.113570516604291,0.0723667671208607,0.034188653775147,0.0538677373243002,0.0461051250468533,0.0977402498629846,0.05850578564109,0.587852981858877,-0.514308969754786,1.71091720006344,0.423626035112607,0.377740409627038
0.147764058385027,0.0594992240876444,0.113570516604291,0.0723667671208607,0.034188653775147,0.0538677373243002,0.0461051250468533,0.0977402498629846,0.05850578564109,0.587852981858877,-0.514308969754786,1.71091720006344,0.545900098445128,0.324883125309842
0.147764058385027,0.0594992240876444,0.113570516604291,0.0723667671208607,0.034188653775147,0.0538677373243002,0.0461051250468533,0.0977402498629846,0.05850578564109,0.587852981858877,-0.514308969754786,1.71091720006344,0.689635122881121,0.27110147758046
0.147764058385027,0.0594992240876444,0.113570516604291,0.0723667671208607,0.034188653775147,0.0538677373243002,0.0461051250468533,0.0977402498629846,0.05850578564109,0.587852981858877,-0.514308969754786,1.71091720006344,0.771903187237711,0.243139999099438
0.147764058385027,0.0594992240876444,0.113570516604291,0.0723667671208607,0.034188653775147,0.0538677373243002,0.0461051250468533,0.0977402498629846,0.05850578564109,0.587852981858877,-0.514308969754786,1.71091720006344,0.826093833799146,0.225696175646107
0.147764058385027,0.0594992240876444,0.113570516604291,0.0723667671208607,0.034188653775147,0.0538677373243002,0.0461051250468533,0.0977402498629846,0.05850578564109,0.587852981858877,-0.514308969754786,1.71091720006344,0.950329440593474,0.189388204333108
0.147764058385027,0.0594992240876444,0.113570516604291,0.0723667671208607,0.034188653775147,0.0538677373243002,0.0461051250468533,0.0977402498629846,0.05850578564109,0.587852981858877,-0.514308969754786,1.71091720006344,1.01913052930182,0.173253329729092
0.147764058385027,0.0594992240876444,0.113570516604291,0.0723667671208607,0.034188653775147,0.0538677373243002,0.0461051250468533,0.0977402498629846,0.05850578564109,0.587852981858877,-0.514308969754786,1.71091720006344,1.0914466112243,0.162546440577138
0.147764058385027,0.0594992240876444,0.113570516604291,0.0723667671208607,0.034188653775147,0.0538677373243002,0.0461051250468533,0.0977402498629846,0.05850578564109,0.587852981858877,-0.514308969754786,1.71091720006344,1.15552683590299,0.159658735963781
0.147764058385027,0.0594992240876444,0.113570516604291,0.0723667671208607,0.034188653775147,0.0538677373243002,0.0461051250468533,0.0977402498629846,0.05850578564109,0.587852981858877,-0.514308969754786,1.71091720006344,1.23467466492615,0.162312077471294
0.147764058385027,0.0594992240876444,0.113570516604291,0.0723667671208607,0.034188653775147,0.0538677373243002,0.0461051250468533,0.0977402498629846,0.05850578564109,0.587852981858877,-0.514308969754786,1.71091720006344,1.29844124720359,0.166973273470026
0.147764058385027,0.0594992240876444,0.113570516604291,0.0723667671208607,0.034188653775147,0.0538677373243002,0.0461051250468533,0.0977402498629846,0.05850578564109,0.587852981858877,-0.514308969754786,1.71091720006344,1.36985518798264,0.173345570390707
0.147764058385027,0.0594992240876444,0.113570516604291,0.0723667671208607,0.034188653775147,0.0538677373243002,0.0461051250468533,0.0977402498629846,0.05850578564109,0.587852981858877,-0.514308969754786,2.2295768475465,0.19366074544052,0.486172217374229
0.147764058385027,0.0594992240876444,0.113570516604291,0.0723667671208607,0.034188653775147,0.0538677373243002,0.0461051250468533,0.0977402498629846,0.05850578564109,0.587852981858877,-0.514308969754786,2.2295768475465,0.347702911505834,0.397910805209518
0.147764058385027,0.0594992240876444,0.113570516604291,0.0723667671208607,0.034188653775147,0.0538677373243002,0.0461051250468533,0.0977402498629846,0.05850578564109,0.587852981858877,-0.514308969754786,2.2295768475465,0.477622818344859,0.343902993505408
0.147764058385027,0.0594992240876444,0.113570516604291,0.0723667671208607,0.034188653775147,0.0538677373243002,0.0461051250468533,0.0977402498629846,0.05850578564109,0.587852981858877,-0.514308969754786,2.2295768475465,0.63316572756319,0.290771030874343
0.147764058385027,0.0594992240876444,0.113570516604291,0.0723667671208607,0.034188653775147,0.0538677373243002,0.0461051250468533,0.0977402498629846,0.05850578564109,0.587852981858877,-0.514308969754786,2.2295768475465,0.727285247856447,0.262453604397765
0.147764058385027,0.0594992240876444,0.113570516604291,0.0723667671208607,0.034188653775147,0.0538677373243002,0.0461051250468533,0.0977402498629846,0.05850578564109,0.587852981858877,-0.514308969754786,2.2295768475465,0.817470966375166,0.237449735457031
0.147764058385027,0.0594992240876444,0.113570516604291,0.0723667671208607,0.034188653775147,0.0538677373243002,0.0461051250468533,0.0977402498629846,0.05850578564109,0.587852981858877,-0.514308969754786,2.2295768475465,0.90211595518955,0.216030479812231
0.147764058385027,0.0594992240876444,0.113570516604291,0.0723667671208607,0.034188653775147,0.0538677373243002,0.0461051250468533,0.0977402498629846,0.05850578564109,0.587852981858877,-0.514308969754786,2.2295768475465,1.03109813765165,0.189347205767144
0.147764058385027,0.0594992240876444,0.113570516604291,0.0723667671208607,0.034188653775147,0.0538677373243002,0.0461051250468533,0.0977402498629846,0.05850578564109,0.587852981858877,-0.514308969754786,2.2295768475465,1.08309189415397,0.181958935161629
0.147764058385027,0.0594992240876444,0.113570516604291,0.0723667671208607,0.034188653775147,0.0538677373243002,0.0461051250468533,0.0977402498629846,0.05850578564109,0.587852981858877,-0.514308969754786,2.2295768475465,1.19869806679016,0.174764717838143
0.147764058385027,0.0594992240876444,0.113570516604291,0.0723667671208607,0.034188653775147,0.0538677373243002,0.0461051250468533,0.0977402498629846,0.05850578564109,0.587852981858877,-0.514308969754786,2.2295768475465,1.27351183657722,0.175466705575693
0.147764058385027,0.0594992240876444,0.113570516604291,0.0723667671208607,0.034188653775147,0.0538677373243002,0.0461051250468533,0.0977402498629846,0.05850578564109,0.587852981858877,-0.514308969754786,2.2295768475465,1.30117690173493,0.176367643751302
0.147764058385027,0.0594992240876444,0.113570516604291,0.0723667671208607,0.034188653775147,0.0538677373243002,0.0461051250468533,0.0977402498629846,0.05850578564109,0.587852981858877,-0.514308969754786,2.2295768475465,1.42748559369569,0.18296976634514
